index,addr_hex,addr_dec,data_hex,data_signed
0,0x001004,4100,0x00000000,0
1,0x001008,4104,0x00000000,0
2,0x00100C,4108,0x00000000,0
3,0x001010,4112,0x00000000,0
4,0x001014,4116,0x00000000,0
5,0x001018,4120,0x00000002,2
6,0x00101C,4124,0x00000000,0
7,0x001020,4128,0x00000000,0
8,0x001024,4132,0x00000000,0
9,0x001028,4136,0x00000000,0
10,0x00102C,4140,0x00000002,2
11,0x001030,4144,0x00000000,0
12,0x001034,4148,0x00000000,0
13,0x001038,4152,0x00000000,0
14,0x00103C,4156,0x00000000,0
15,0x001040,4160,0x00000000,0
16,0x001044,4164,0x00000000,0
17,0x001048,4168,0x00000008,8
18,0x00104C,4172,0x00000000,0
19,0x001050,4176,0x00000000,0
20,0x001054,4180,0x00000004,4
21,0x001058,4184,0x00000000,0
22,0x00105C,4188,0x00000000,0
23,0x001060,4192,0x00000004,4
24,0x001064,4196,0x00000000,0
25,0x001068,4200,0x00000001,1
26,0x00106C,4204,0x00000000,0
27,0x001070,4208,0x00000004,4
28,0x001074,4212,0x00000002,2
29,0x001078,4216,0x00000000,0
30,0x00107C,4220,0x00000000,0
31,0x001080,4224,0x00000000,0
32,0x001084,4228,0x00000000,0
33,0x001088,4232,0x00000000,0
34,0x00108C,4236,0x00000000,0
35,0x001090,4240,0x00000000,0
36,0x001094,4244,0x00000002,2
37,0x001098,4248,0x00000000,0
38,0x00109C,4252,0x00000000,0
39,0x0010A0,4256,0x00000000,0
40,0x0010A4,4260,0x00000000,0
41,0x0010A8,4264,0x00000002,2
42,0x0010AC,4268,0x00000000,0
43,0x0010B0,4272,0x00000000,0
44,0x0010B4,4276,0x00000006,6
45,0x0010B8,4280,0x00000000,0
46,0x0010BC,4284,0x00000005,5
47,0x0010C0,4288,0x00000000,0
48,0x0010C4,4292,0x00000000,0
49,0x0010C8,4296,0x00000005,5
50,0x0010CC,4300,0x00000000,0
51,0x0010D0,4304,0x00000000,0
52,0x0010D4,4308,0x00000000,0
53,0x0010D8,4312,0x00000000,0
54,0x0010DC,4316,0x00000000,0
55,0x0010E0,4320,0x00000000,0
56,0x0010E4,4324,0x00000002,2
57,0x0010E8,4328,0x00000000,0
58,0x0010EC,4332,0x00000000,0
59,0x0010F0,4336,0x00000000,0
60,0x0010F4,4340,0x00000008,8
61,0x0010F8,4344,0x00000003,3
62,0x0010FC,4348,0x00000001,1
63,0x001100,4352,0x00000001,1
64,0x001104,4356,0x00000002,2
65,0x001108,4360,0x00000004,4
66,0x00110C,4364,0x00000000,0
67,0x001110,4368,0x00000010,16
68,0x001114,4372,0x00000000,0
69,0x001118,4376,0x00000000,0
70,0x00111C,4380,0x00000011,17
71,0x001120,4384,0x00000010,16
72,0x001124,4388,0x00000013,19
73,0x001128,4392,0x00000016,22
74,0x00112C,4396,0x00000014,20
75,0x001130,4400,0x00000001,1
76,0x001134,4404,0x00000000,0
77,0x001138,4408,0x00000014,20
78,0x00113C,4412,0x00000010,16
79,0x001140,4416,0x00000010,16
80,0x001144,4420,0x00000010,16
81,0x001148,4424,0x00000014,20
82,0x00114C,4428,0x00000004,4
83,0x001150,4432,0x00000003,3
84,0x001154,4436,0x00000002,2
85,0x001158,4440,0x0000001A,26
86,0x00115C,4444,0x00000018,24
87,0x001160,4448,0x00000018,24
88,0x001164,4452,0x00000018,24
89,0x001168,4456,0x00000000,0
90,0x00116C,4460,0x00000000,0
91,0x001170,4464,0x00000003,3
92,0x001174,4468,0x00000000,0
93,0x001178,4472,0x0000001C,28
94,0x00117C,4476,0x0000001C,28
95,0x001180,4480,0x0000001B,27
96,0x001184,4484,0x00000004,4
97,0x001188,4488,0x00000008,8
98,0x00118C,4492,0x00000008,8
99,0x001190,4496,0x00000008,8
100,0x001194,4500,0x00000004,4
101,0x001198,4504,0x00000004,4
102,0x00119C,4508,0x00000000,0
103,0x0011A0,4512,0x00000004,4
104,0x0011A4,4516,0x00000009,9
105,0x0011A8,4520,0x00000009,9
106,0x0011AC,4524,0x00000008,8
107,0x0011B0,4528,0x00000004,4
108,0x0011B4,4532,0x00000004,4
109,0x0011B8,4536,0x00000003,3
110,0x0011BC,4540,0x00000021,33
111,0x0011C0,4544,0x00000021,33
112,0x0011C4,4548,0x00000022,34
113,0x0011C8,4552,0x00000023,35
114,0x0011CC,4556,0x00000020,32
115,0x0011D0,4560,0x00000021,33
116,0x0011D4,4564,0x00000021,33
117,0x0011D8,4568,0x00000020,32
118,0x0011DC,4572,0x00000022,34
119,0x0011E0,4576,0x00000021,33
120,0x0011E4,4580,0x00000021,33
121,0x0011E8,4584,0x00000021,33
122,0x0011EC,4588,0x00000020,32
123,0x0011F0,4592,0x00000020,32
124,0x0011F4,4596,0x00000024,36
125,0x0011F8,4600,0x00000021,33
126,0x0011FC,4604,0x00000024,36
127,0x001200,4608,0x00000025,37
128,0x001204,4612,0x00000026,38
129,0x001208,4616,0x00000024,36
130,0x00120C,4620,0x00000025,37
131,0x001210,4624,0x00000021,33
132,0x001214,4628,0x00000021,33
133,0x001218,4632,0x00000026,38
134,0x00121C,4636,0x00000021,33
135,0x001220,4640,0x00000020,32
136,0x001224,4644,0x00000020,32
137,0x001228,4648,0x00000028,40
138,0x00122C,4652,0x00000029,41
139,0x001230,4656,0x00000028,40
140,0x001234,4660,0x00000028,40
141,0x001238,4664,0x00000021,33
142,0x00123C,4668,0x00000024,36
143,0x001240,4672,0x00000026,38
144,0x001244,4676,0x00000020,32
145,0x001248,4680,0x00000028,40
146,0x00124C,4684,0x00000028,40
147,0x001250,4688,0x00000026,38
148,0x001254,4692,0x00000026,38
149,0x001258,4696,0x00000024,36
150,0x00125C,4700,0x00000020,32
151,0x001260,4704,0x00000020,32
152,0x001264,4708,0x00000020,32
153,0x001268,4712,0x00000021,33
154,0x00126C,4716,0x00000020,32
155,0x001270,4720,0x00000020,32
156,0x001274,4724,0x00000024,36
157,0x001278,4728,0x00000028,40
158,0x00127C,4732,0x00000028,40
159,0x001280,4736,0x00000021,33
160,0x001284,4740,0x00000020,32
161,0x001288,4744,0x00000021,33
162,0x00128C,4748,0x00000021,33
163,0x001290,4752,0x00000020,32
164,0x001294,4756,0x0000002A,42
165,0x001298,4760,0x0000002A,42
166,0x00129C,4764,0x00000029,41
167,0x0012A0,4768,0x00000026,38
168,0x0012A4,4772,0x00000023,35
169,0x0012A8,4776,0x00000024,36
170,0x0012AC,4780,0x00000030,48
171,0x0012B0,4784,0x00000030,48
172,0x0012B4,4788,0x00000029,41
173,0x0012B8,4792,0x00000030,48
174,0x0012BC,4796,0x00000025,37
175,0x0012C0,4800,0x00000022,34
176,0x0012C4,4804,0x00000020,32
177,0x0012C8,4808,0x00000021,33
178,0x0012CC,4812,0x00000025,37
179,0x0012D0,4816,0x0000002A,42
180,0x0012D4,4820,0x0000002A,42
181,0x0012D8,4824,0x00000028,40
182,0x0012DC,4828,0x00000021,33
183,0x0012E0,4832,0x00000020,32
184,0x0012E4,4836,0x00000022,34
185,0x0012E8,4840,0x00000020,32
186,0x0012EC,4844,0x00000022,34
187,0x0012F0,4848,0x00000020,32
188,0x0012F4,4852,0x00000020,32
189,0x0012F8,4856,0x00000020,32
190,0x0012FC,4860,0x00000022,34
191,0x001300,4864,0x00000020,32
192,0x001304,4868,0x00000022,34
193,0x001308,4872,0x00000020,32
194,0x00130C,4876,0x00000024,36
195,0x001310,4880,0x00000020,32
196,0x001314,4884,0x00000020,32
197,0x001318,4888,0x00000020,32
198,0x00131C,4892,0x00000020,32
199,0x001320,4896,0x00000020,32
200,0x001324,4900,0x00000020,32
201,0x001328,4904,0x00000024,36
202,0x00132C,4908,0x0000002C,44
203,0x001330,4912,0x0000002C,44
204,0x001334,4916,0x0000002C,44
205,0x001338,4920,0x0000002D,45
206,0x00133C,4924,0x00000020,32
207,0x001340,4928,0x00000020,32
208,0x001344,4932,0x00000024,36
209,0x001348,4936,0x00000023,35
210,0x00134C,4940,0x00000020,32
211,0x001350,4944,0x00000020,32
212,0x001354,4948,0x00000020,32
213,0x001358,4952,0x0000002C,44
214,0x00135C,4956,0x00000021,33
215,0x001360,4960,0x00000020,32
216,0x001364,4964,0x00000021,33
217,0x001368,4968,0x0000002E,46
218,0x00136C,4972,0x00000020,32
219,0x001370,4976,0x0000002D,45
220,0x001374,4980,0x00000020,32
221,0x001378,4984,0x0000002E,46
222,0x00137C,4988,0x00000020,32
223,0x001380,4992,0x00000025,37
224,0x001384,4996,0x00000028,40
225,0x001388,5000,0x00000028,40
226,0x00138C,5004,0x00000030,48
227,0x001390,5008,0x00000031,49
228,0x001394,5012,0x00000025,37
229,0x001398,5016,0x00000030,48
230,0x00139C,5020,0x00000030,48
231,0x0013A0,5024,0x00000030,48
232,0x0013A4,5028,0x00000030,48
233,0x0013A8,5032,0x00000030,48
234,0x0013AC,5036,0x00000030,48
235,0x0013B0,5040,0x00000030,48
236,0x0013B4,5044,0x00000022,34
237,0x0013B8,5048,0x00000030,48
238,0x0013BC,5052,0x00000030,48
239,0x0013C0,5056,0x00000030,48
240,0x0013C4,5060,0x00000032,50
241,0x0013C8,5064,0x00000020,32
242,0x0013CC,5068,0x00000023,35
243,0x0013D0,5072,0x00000021,33
244,0x0013D4,5076,0x00000024,36
245,0x0013D8,5080,0x00000025,37
246,0x0013DC,5084,0x00000022,34
247,0x0013E0,5088,0x00000020,32
248,0x0013E4,5092,0x00000021,33
249,0x0013E8,5096,0x00000030,48
250,0x0013EC,5100,0x00000032,50
251,0x0013F0,5104,0x00000031,49
252,0x0013F4,5108,0x00000030,48
253,0x0013F8,5112,0x00000025,37
254,0x0013FC,5116,0x00000025,37
255,0x001400,5120,0x00000030,48
256,0x001404,5124,0x00000030,48
257,0x001408,5128,0x00000030,48
258,0x00140C,5132,0x00000025,37
259,0x001410,5136,0x00000030,48
260,0x001414,5140,0x00000032,50
261,0x001418,5144,0x00000030,48
262,0x00141C,5148,0x00000033,51
263,0x001420,5152,0x00000032,50
264,0x001424,5156,0x00000032,50
265,0x001428,5160,0x00000032,50
266,0x00142C,5164,0x00000030,48
267,0x001430,5168,0x00000030,48
268,0x001434,5172,0x00000030,48
269,0x001438,5176,0x00000032,50
270,0x00143C,5180,0x00000030,48
271,0x001440,5184,0x00000032,50
272,0x001444,5188,0x00000032,50
273,0x001448,5192,0x00000032,50
274,0x00144C,5196,0x00000030,48
275,0x001450,5200,0x00000030,48
276,0x001454,5204,0x00000030,48
277,0x001458,5208,0x00000031,49
278,0x00145C,5212,0x00000032,50
279,0x001460,5216,0x00000031,49
280,0x001464,5220,0x00000032,50
281,0x001468,5224,0x00000030,48
282,0x00146C,5228,0x00000000,0
283,0x001470,5232,0x00000000,0
284,0x001474,5236,0x00000034,52
285,0x001478,5240,0x00000030,48
286,0x00147C,5244,0x00000033,51
287,0x001480,5248,0x00000038,56
288,0x001484,5252,0x00000035,53
289,0x001488,5256,0x00000000,0
290,0x00148C,5260,0x00000000,0
291,0x001490,5264,0x00000000,0
292,0x001494,5268,0x00000032,50
293,0x001498,5272,0x00000000,0
294,0x00149C,5276,0x00000033,51
295,0x0014A0,5280,0x00000000,0
296,0x0014A4,5284,0x00000002,2
297,0x0014A8,5288,0x00000001,1
298,0x0014AC,5292,0x00000004,4
299,0x0014B0,5296,0x00000002,2
300,0x0014B4,5300,0x00000002,2
301,0x0014B8,5304,0x00000002,2
302,0x0014BC,5308,0x00000000,0
303,0x0014C0,5312,0x00000000,0
304,0x0014C4,5316,0x00000000,0
305,0x0014C8,5320,0x00000000,0
306,0x0014CC,5324,0x00000001,1
307,0x0014D0,5328,0x00000000,0
308,0x0014D4,5332,0x00000000,0
309,0x0014D8,5336,0x00000001,1
310,0x0014DC,5340,0x00000000,0
311,0x0014E0,5344,0x00000001,1
312,0x0014E4,5348,0x00000004,4
313,0x0014E8,5352,0x00000004,4
314,0x0014EC,5356,0x00000002,2
315,0x0014F0,5360,0x00000002,2
316,0x0014F4,5364,0x00000004,4
317,0x0014F8,5368,0x00000006,6
318,0x0014FC,5372,0x00000006,6
319,0x001500,5376,0x00000000,0
320,0x001504,5380,0x00000001,1
321,0x001508,5384,0x00000001,1
322,0x00150C,5388,0x00000005,5
323,0x001510,5392,0x00000004,4
324,0x001514,5396,0x00000000,0
325,0x001518,5400,0x00000004,4
326,0x00151C,5404,0x00000002,2
327,0x001520,5408,0x00000004,4
328,0x001524,5412,0x00000003,3
329,0x001528,5416,0x00000008,8
330,0x00152C,5420,0x00000008,8
331,0x001530,5424,0x00000008,8
332,0x001534,5428,0x00000008,8
333,0x001538,5432,0x00000008,8
334,0x00153C,5436,0x00000009,9
335,0x001540,5440,0x00000008,8
336,0x001544,5444,0x00000008,8
337,0x001548,5448,0x0000000A,10
338,0x00154C,5452,0x0000000A,10
339,0x001550,5456,0x0000000A,10
340,0x001554,5460,0x00000008,8
341,0x001558,5464,0x00000008,8
342,0x00155C,5468,0x0000000A,10
343,0x001560,5472,0x00000009,9
344,0x001564,5476,0x0000000A,10
345,0x001568,5480,0x0000000C,12
346,0x00156C,5484,0x00000008,8
347,0x001570,5488,0x00000008,8
348,0x001574,5492,0x00000009,9
349,0x001578,5496,0x0000000C,12
350,0x00157C,5500,0x0000000C,12
351,0x001580,5504,0x00000010,16
352,0x001584,5508,0x0000000B,11
353,0x001588,5512,0x0000000A,10
354,0x00158C,5516,0x00000010,16
355,0x001590,5520,0x0000000B,11
356,0x001594,5524,0x00000010,16
357,0x001598,5528,0x00000010,16
358,0x00159C,5532,0x00000011,17
359,0x0015A0,5536,0x00000010,16
360,0x0015A4,5540,0x0000000C,12
361,0x0015A8,5544,0x0000000C,12
362,0x0015AC,5548,0x0000000E,14
363,0x0015B0,5552,0x00000010,16
364,0x0015B4,5556,0x00000010,16
365,0x0015B8,5560,0x00000010,16
366,0x0015BC,5564,0x00000010,16
367,0x0015C0,5568,0x00000014,20
368,0x0015C4,5572,0x00000015,21
369,0x0015C8,5576,0x00000011,17
370,0x0015CC,5580,0x00000012,18
371,0x0015D0,5584,0x00000010,16
372,0x0015D4,5588,0x00000010,16
373,0x0015D8,5592,0x00000014,20
374,0x0015DC,5596,0x00000014,20
375,0x0015E0,5600,0x00000015,21
376,0x0015E4,5604,0x00000014,20
377,0x0015E8,5608,0x00000014,20
378,0x0015EC,5612,0x00000018,24
379,0x0015F0,5616,0x00000018,24
380,0x0015F4,5620,0x00000013,19
381,0x0015F8,5624,0x00000014,20
382,0x0015FC,5628,0x00000015,21
383,0x001600,5632,0x00000014,20
384,0x001604,5636,0x00000010,16
385,0x001608,5640,0x00000010,16
386,0x00160C,5644,0x00000010,16
387,0x001610,5648,0x00000014,20
388,0x001614,5652,0x00000018,24
389,0x001618,5656,0x00000041,65
390,0x00161C,5660,0x00000041,65
391,0x001620,5664,0x00000015,21
392,0x001624,5668,0x00000012,18
393,0x001628,5672,0x00000041,65
394,0x00162C,5676,0x00000015,21
395,0x001630,5680,0x00000016,22
396,0x001634,5684,0x00000015,21
397,0x001638,5688,0x00000018,24
398,0x00163C,5692,0x00000018,24
399,0x001640,5696,0x00000014,20
400,0x001644,5700,0x00000040,64
401,0x001648,5704,0x00000014,20
402,0x00164C,5708,0x00000041,65
403,0x001650,5712,0x00000016,22
404,0x001654,5716,0x00000014,20
405,0x001658,5720,0x00000018,24
406,0x00165C,5724,0x00000014,20
407,0x001660,5728,0x00000016,22
408,0x001664,5732,0x00000040,64
409,0x001668,5736,0x00000016,22
410,0x00166C,5740,0x00000017,23
411,0x001670,5744,0x00000016,22
412,0x001674,5748,0x00000040,64
413,0x001678,5752,0x00000041,65
414,0x00167C,5756,0x00000016,22
415,0x001680,5760,0x00000014,20
416,0x001684,5764,0x00000015,21
417,0x001688,5768,0x00000014,20
418,0x00168C,5772,0x00000014,20
419,0x001690,5776,0x00000018,24
420,0x001694,5780,0x00000014,20
421,0x001698,5784,0x00000014,20
422,0x00169C,5788,0x00000040,64
423,0x0016A0,5792,0x00000040,64
424,0x0016A4,5796,0x00000041,65
425,0x0016A8,5800,0x00000040,64
426,0x0016AC,5804,0x00000018,24
427,0x0016B0,5808,0x00000015,21
428,0x0016B4,5812,0x00000014,20
429,0x0016B8,5816,0x00000014,20
430,0x0016BC,5820,0x00000014,20
431,0x0016C0,5824,0x00000019,25
432,0x0016C4,5828,0x00000018,24
433,0x0016C8,5832,0x00000018,24
434,0x0016CC,5836,0x00000018,24
435,0x0016D0,5840,0x00000016,22
436,0x0016D4,5844,0x00000016,22
437,0x0016D8,5848,0x00000016,22
438,0x0016DC,5852,0x00000018,24
439,0x0016E0,5856,0x00000018,24
440,0x0016E4,5860,0x00000018,24
441,0x0016E8,5864,0x0000001A,26
442,0x0016EC,5868,0x00000041,65
443,0x0016F0,5872,0x00000040,64
444,0x0016F4,5876,0x00000041,65
445,0x0016F8,5880,0x00000016,22
446,0x0016FC,5884,0x00000019,25
447,0x001700,5888,0x00000014,20
448,0x001704,5892,0x00000018,24
449,0x001708,5896,0x0000001A,26
450,0x00170C,5900,0x00000018,24
451,0x001710,5904,0x00000018,24
452,0x001714,5908,0x00000019,25
453,0x001718,5912,0x00000042,66
454,0x00171C,5916,0x00000040,64
455,0x001720,5920,0x00000040,64
456,0x001724,5924,0x00000049,73
457,0x001728,5928,0x00000048,72
458,0x00172C,5932,0x00000048,72
459,0x001730,5936,0x00000043,67
460,0x001734,5940,0x00000049,73
461,0x001738,5944,0x00000048,72
462,0x00173C,5948,0x0000004A,74
463,0x001740,5952,0x0000004C,76
464,0x001744,5956,0x00000048,72
465,0x001748,5960,0x00000048,72
466,0x00174C,5964,0x00000048,72
467,0x001750,5968,0x00000048,72
468,0x001754,5972,0x00000048,72
469,0x001758,5976,0x00000048,72
470,0x00175C,5980,0x00000049,73
471,0x001760,5984,0x0000004C,76
472,0x001764,5988,0x00000048,72
473,0x001768,5992,0x00000050,80
474,0x00176C,5996,0x00000050,80
475,0x001770,6000,0x0000004A,74
476,0x001774,6004,0x00000048,72
477,0x001778,6008,0x0000004C,76
478,0x00177C,6012,0x00000044,68
479,0x001780,6016,0x00000043,67
480,0x001784,6020,0x0000004F,79
481,0x001788,6024,0x00000050,80
482,0x00178C,6028,0x00000052,82
483,0x001790,6032,0x00000052,82
484,0x001794,6036,0x00000040,64
485,0x001798,6040,0x00000044,68
486,0x00179C,6044,0x00000040,64
487,0x0017A0,6048,0x00000041,65
488,0x0017A4,6052,0x00000056,86
489,0x0017A8,6056,0x00000057,87
490,0x0017AC,6060,0x00000040,64
491,0x0017B0,6064,0x00000055,85
492,0x0017B4,6068,0x00000040,64
493,0x0017B8,6072,0x00000054,84
494,0x0017BC,6076,0x00000055,85
495,0x0017C0,6080,0x00000058,88
496,0x0017C4,6084,0x00000055,85
497,0x0017C8,6088,0x00000040,64
498,0x0017CC,6092,0x00000042,66
499,0x0017D0,6096,0x00000042,66
500,0x0017D4,6100,0x00000040,64
501,0x0017D8,6104,0x00000058,88
502,0x0017DC,6108,0x00000056,86
503,0x0017E0,6112,0x00000055,85
504,0x0017E4,6116,0x00000040,64
505,0x0017E8,6120,0x00000041,65
506,0x0017EC,6124,0x00000044,68
507,0x0017F0,6128,0x00000041,65
508,0x0017F4,6132,0x00000057,87
509,0x0017F8,6136,0x00000040,64
510,0x0017FC,6140,0x0000005B,91
511,0x001800,6144,0x0000005A,90
512,0x001804,6148,0x00000058,88
513,0x001808,6152,0x00000057,87
514,0x00180C,6156,0x00000058,88
515,0x001810,6160,0x00000059,89
516,0x001814,6164,0x0000005A,90
517,0x001818,6168,0x00000059,89
518,0x00181C,6172,0x00000040,64
519,0x001820,6176,0x00000042,66
520,0x001824,6180,0x00000040,64
521,0x001828,6184,0x00000041,65
522,0x00182C,6188,0x00000040,64
523,0x001830,6192,0x00000041,65
524,0x001834,6196,0x00000041,65
525,0x001838,6200,0x00000040,64
526,0x00183C,6204,0x00000044,68
527,0x001840,6208,0x00000042,66
528,0x001844,6212,0x00000040,64
529,0x001848,6216,0x00000040,64
530,0x00184C,6220,0x0000005C,92
531,0x001850,6224,0x00000040,64
532,0x001854,6228,0x0000005D,93
533,0x001858,6232,0x00000040,64
534,0x00185C,6236,0x00000059,89
535,0x001860,6240,0x00000058,88
536,0x001864,6244,0x0000005D,93
537,0x001868,6248,0x0000005C,92
538,0x00186C,6252,0x00000060,96
539,0x001870,6256,0x00000042,66
540,0x001874,6260,0x00000040,64
541,0x001878,6264,0x0000005E,94
542,0x00187C,6268,0x0000005E,94
543,0x001880,6272,0x00000040,64
544,0x001884,6276,0x0000005D,93
545,0x001888,6280,0x00000041,65
546,0x00188C,6284,0x00000044,68
547,0x001890,6288,0x00000042,66
548,0x001894,6292,0x00000040,64
549,0x001898,6296,0x00000040,64
550,0x00189C,6300,0x00000042,66
551,0x0018A0,6304,0x00000042,66
552,0x0018A4,6308,0x00000040,64
553,0x0018A8,6312,0x0000005F,95
554,0x0018AC,6316,0x0000005F,95
555,0x0018B0,6320,0x0000005E,94
556,0x0018B4,6324,0x0000005E,94
557,0x0018B8,6328,0x0000005E,94
558,0x0018BC,6332,0x00000040,64
559,0x0018C0,6336,0x00000060,96
560,0x0018C4,6340,0x00000060,96
561,0x0018C8,6344,0x00000043,67
562,0x0018CC,6348,0x00000042,66
563,0x0018D0,6352,0x00000042,66
564,0x0018D4,6356,0x00000043,67
565,0x0018D8,6360,0x00000060,96
566,0x0018DC,6364,0x00000060,96
567,0x0018E0,6368,0x00000060,96
568,0x0018E4,6372,0x00000060,96
569,0x0018E8,6376,0x00000040,64
570,0x0018EC,6380,0x00000040,64
571,0x0018F0,6384,0x00000060,96
572,0x0018F4,6388,0x00000060,96
573,0x0018F8,6392,0x00000061,97
574,0x0018FC,6396,0x00000060,96
575,0x001900,6400,0x00000060,96
576,0x001904,6404,0x00000046,70
577,0x001908,6408,0x00000060,96
578,0x00190C,6412,0x00000045,69
579,0x001910,6416,0x00000060,96
580,0x001914,6420,0x00000060,96
581,0x001918,6424,0x00000060,96
582,0x00191C,6428,0x00000060,96
583,0x001920,6432,0x00000042,66
584,0x001924,6436,0x00000060,96
585,0x001928,6440,0x00000062,98
586,0x00192C,6444,0x00000061,97
587,0x001930,6448,0x00000060,96
588,0x001934,6452,0x00000060,96
589,0x001938,6456,0x00000060,96
590,0x00193C,6460,0x00000060,96
591,0x001940,6464,0x00000061,97
592,0x001944,6468,0x00000062,98
593,0x001948,6472,0x00000060,96
594,0x00194C,6476,0x00000065,101
595,0x001950,6480,0x00000064,100
596,0x001954,6484,0x00000062,98
597,0x001958,6488,0x00000062,98
598,0x00195C,6492,0x00000060,96
599,0x001960,6496,0x00000060,96
600,0x001964,6500,0x00000060,96
601,0x001968,6504,0x00000062,98
602,0x00196C,6508,0x00000064,100
603,0x001970,6512,0x00000064,100
604,0x001974,6516,0x00000061,97
605,0x001978,6520,0x00000061,97
606,0x00197C,6524,0x00000064,100
607,0x001980,6528,0x00000060,96
608,0x001984,6532,0x00000064,100
609,0x001988,6536,0x00000064,100
610,0x00198C,6540,0x00000049,73
611,0x001990,6544,0x00000060,96
612,0x001994,6548,0x00000062,98
613,0x001998,6552,0x00000065,101
614,0x00199C,6556,0x00000067,103
615,0x0019A0,6560,0x00000067,103
616,0x0019A4,6564,0x00000066,102
617,0x0019A8,6568,0x00000063,99
618,0x0019AC,6572,0x00000062,98
619,0x0019B0,6576,0x00000061,97
620,0x0019B4,6580,0x00000060,96
621,0x0019B8,6584,0x00000066,102
622,0x0019BC,6588,0x00000060,96
623,0x0019C0,6592,0x00000068,104
624,0x0019C4,6596,0x00000063,99
625,0x0019C8,6600,0x00000062,98
626,0x0019CC,6604,0x00000064,100
627,0x0019D0,6608,0x00000065,101
628,0x0019D4,6612,0x00000066,102
629,0x0019D8,6616,0x00000060,96
630,0x0019DC,6620,0x00000060,96
631,0x0019E0,6624,0x00000061,97
632,0x0019E4,6628,0x00000060,96
633,0x0019E8,6632,0x00000060,96
634,0x0019EC,6636,0x00000061,97
635,0x0019F0,6640,0x00000061,97
636,0x0019F4,6644,0x00000061,97
637,0x0019F8,6648,0x00000060,96
638,0x0019FC,6652,0x00000067,103
639,0x001A00,6656,0x00000060,96
640,0x001A04,6660,0x00000060,96
641,0x001A08,6664,0x00000062,98
642,0x001A0C,6668,0x00000069,105
643,0x001A10,6672,0x00000068,104
644,0x001A14,6676,0x00000062,98
645,0x001A18,6680,0x00000060,96
646,0x001A1C,6684,0x00000062,98
647,0x001A20,6688,0x00000060,96
648,0x001A24,6692,0x00000060,96
649,0x001A28,6696,0x00000060,96
650,0x001A2C,6700,0x00000068,104
651,0x001A30,6704,0x00000061,97
652,0x001A34,6708,0x00000062,98
653,0x001A38,6712,0x00000060,96
654,0x001A3C,6716,0x00000061,97
655,0x001A40,6720,0x00000065,101
656,0x001A44,6724,0x00000066,102
657,0x001A48,6728,0x00000068,104
658,0x001A4C,6732,0x00000065,101
659,0x001A50,6736,0x00000062,98
660,0x001A54,6740,0x00000060,96
661,0x001A58,6744,0x00000064,100
662,0x001A5C,6748,0x00000061,97
663,0x001A60,6752,0x00000060,96
664,0x001A64,6756,0x00000060,96
665,0x001A68,6760,0x00000063,99
666,0x001A6C,6764,0x00000060,96
667,0x001A70,6768,0x00000060,96
668,0x001A74,6772,0x00000066,102
669,0x001A78,6776,0x00000068,104
670,0x001A7C,6780,0x00000069,105
671,0x001A80,6784,0x00000068,104
672,0x001A84,6788,0x00000069,105
673,0x001A88,6792,0x00000069,105
674,0x001A8C,6796,0x00000066,102
675,0x001A90,6800,0x00000064,100
676,0x001A94,6804,0x00000060,96
677,0x001A98,6808,0x00000068,104
678,0x001A9C,6812,0x00000068,104
679,0x001AA0,6816,0x00000069,105
680,0x001AA4,6820,0x00000068,104
681,0x001AA8,6824,0x00000069,105
682,0x001AAC,6828,0x00000068,104
683,0x001AB0,6832,0x00000069,105
684,0x001AB4,6836,0x0000006A,106
685,0x001AB8,6840,0x0000006C,108
686,0x001ABC,6844,0x0000006D,109
687,0x001AC0,6848,0x0000006C,108
688,0x001AC4,6852,0x00000069,105
689,0x001AC8,6856,0x00000060,96
690,0x001ACC,6860,0x00000061,97
691,0x001AD0,6864,0x00000060,96
692,0x001AD4,6868,0x00000060,96
693,0x001AD8,6872,0x00000060,96
694,0x001ADC,6876,0x00000063,99
695,0x001AE0,6880,0x00000061,97
696,0x001AE4,6884,0x00000060,96
697,0x001AE8,6888,0x00000060,96
698,0x001AEC,6892,0x00000063,99
699,0x001AF0,6896,0x00000068,104
700,0x001AF4,6900,0x00000069,105
701,0x001AF8,6904,0x00000069,105
702,0x001AFC,6908,0x0000006A,106
703,0x001B00,6912,0x00000068,104
704,0x001B04,6916,0x00000069,105
705,0x001B08,6920,0x0000006A,106
706,0x001B0C,6924,0x0000006A,106
707,0x001B10,6928,0x0000006A,106
708,0x001B14,6932,0x0000006A,106
709,0x001B18,6936,0x0000006A,106
710,0x001B1C,6940,0x00000068,104
711,0x001B20,6944,0x00000068,104
712,0x001B24,6948,0x00000068,104
713,0x001B28,6952,0x00000069,105
714,0x001B2C,6956,0x0000006A,106
715,0x001B30,6960,0x00000069,105
716,0x001B34,6964,0x0000006A,106
717,0x001B38,6968,0x00000068,104
718,0x001B3C,6972,0x00000061,97
719,0x001B40,6976,0x00000063,99
720,0x001B44,6980,0x00000065,101
721,0x001B48,6984,0x00000066,102
722,0x001B4C,6988,0x00000068,104
723,0x001B50,6992,0x00000068,104
724,0x001B54,6996,0x00000068,104
725,0x001B58,7000,0x00000066,102
726,0x001B5C,7004,0x00000068,104
727,0x001B60,7008,0x0000006C,108
728,0x001B64,7012,0x0000006C,108
729,0x001B68,7016,0x00000060,96
730,0x001B6C,7020,0x0000006E,110
731,0x001B70,7024,0x00000068,104
732,0x001B74,7028,0x0000006A,106
733,0x001B78,7032,0x0000006B,107
734,0x001B7C,7036,0x0000006A,106
735,0x001B80,7040,0x00000060,96
736,0x001B84,7044,0x00000060,96
737,0x001B88,7048,0x00000062,98
738,0x001B8C,7052,0x00000061,97
739,0x001B90,7056,0x00000068,104
740,0x001B94,7060,0x00000069,105
741,0x001B98,7064,0x00000060,96
742,0x001B9C,7068,0x00000060,96
743,0x001BA0,7072,0x00000060,96
744,0x001BA4,7076,0x00000061,97
745,0x001BA8,7080,0x00000061,97
746,0x001BAC,7084,0x00000064,100
747,0x001BB0,7088,0x00000068,104
748,0x001BB4,7092,0x00000069,105
749,0x001BB8,7096,0x0000006B,107
750,0x001BBC,7100,0x00000060,96
751,0x001BC0,7104,0x00000060,96
752,0x001BC4,7108,0x00000068,104
753,0x001BC8,7112,0x00000061,97
754,0x001BCC,7116,0x00000060,96
755,0x001BD0,7120,0x00000060,96
756,0x001BD4,7124,0x00000061,97
757,0x001BD8,7128,0x00000063,99
758,0x001BDC,7132,0x00000060,96
759,0x001BE0,7136,0x00000060,96
760,0x001BE4,7140,0x00000068,104
761,0x001BE8,7144,0x00000069,105
762,0x001BEC,7148,0x00000068,104
763,0x001BF0,7152,0x0000006C,108
764,0x001BF4,7156,0x0000006D,109
765,0x001BF8,7160,0x0000006A,106
766,0x001BFC,7164,0x00000060,96
767,0x001C00,7168,0x00000060,96
768,0x001C04,7172,0x0000006C,108
769,0x001C08,7176,0x00000069,105
770,0x001C0C,7180,0x0000006C,108
771,0x001C10,7184,0x0000006B,107
772,0x001C14,7188,0x00000060,96
773,0x001C18,7192,0x00000060,96
774,0x001C1C,7196,0x00000062,98
775,0x001C20,7200,0x00000060,96
776,0x001C24,7204,0x00000060,96
777,0x001C28,7208,0x0000006C,108
778,0x001C2C,7212,0x0000006C,108
779,0x001C30,7216,0x00000062,98
780,0x001C34,7220,0x00000060,96
781,0x001C38,7224,0x00000060,96
782,0x001C3C,7228,0x00000060,96
783,0x001C40,7232,0x00000062,98
784,0x001C44,7236,0x0000006C,108
785,0x001C48,7240,0x00000069,105
786,0x001C4C,7244,0x0000006C,108
787,0x001C50,7248,0x00000060,96
788,0x001C54,7252,0x00000061,97
789,0x001C58,7256,0x00000061,97
790,0x001C5C,7260,0x00000060,96
791,0x001C60,7264,0x00000064,100
792,0x001C64,7268,0x00000065,101
793,0x001C68,7272,0x00000060,96
794,0x001C6C,7276,0x00000060,96
795,0x001C70,7280,0x00000060,96
796,0x001C74,7284,0x00000060,96
797,0x001C78,7288,0x00000062,98
798,0x001C7C,7292,0x00000066,102
799,0x001C80,7296,0x00000068,104
800,0x001C84,7300,0x0000006A,106
801,0x001C88,7304,0x00000062,98
802,0x001C8C,7308,0x00000062,98
803,0x001C90,7312,0x00000060,96
804,0x001C94,7316,0x00000060,96
805,0x001C98,7320,0x00000063,99
806,0x001C9C,7324,0x00000064,100
807,0x001CA0,7328,0x00000066,102
808,0x001CA4,7332,0x00000060,96
809,0x001CA8,7336,0x00000062,98
810,0x001CAC,7340,0x00000060,96
811,0x001CB0,7344,0x00000062,98
812,0x001CB4,7348,0x00000060,96
813,0x001CB8,7352,0x00000060,96
814,0x001CBC,7356,0x00000060,96
815,0x001CC0,7360,0x00000063,99
816,0x001CC4,7364,0x00000062,98
817,0x001CC8,7368,0x00000064,100
818,0x001CCC,7372,0x00000061,97
819,0x001CD0,7376,0x00000064,100
820,0x001CD4,7380,0x00000065,101
821,0x001CD8,7384,0x00000062,98
822,0x001CDC,7388,0x00000063,99
823,0x001CE0,7392,0x00000060,96
824,0x001CE4,7396,0x00000061,97
825,0x001CE8,7400,0x00000062,98
826,0x001CEC,7404,0x00000060,96
827,0x001CF0,7408,0x00000060,96
828,0x001CF4,7412,0x00000060,96
829,0x001CF8,7416,0x00000062,98
830,0x001CFC,7420,0x00000062,98
831,0x001D00,7424,0x00000065,101
832,0x001D04,7428,0x00000064,100
833,0x001D08,7432,0x00000060,96
834,0x001D0C,7436,0x00000061,97
835,0x001D10,7440,0x00000051,81
836,0x001D14,7444,0x00000050,80
837,0x001D18,7448,0x00000056,86
838,0x001D1C,7452,0x00000057,87
839,0x001D20,7456,0x00000061,97
840,0x001D24,7460,0x00000061,97
841,0x001D28,7464,0x00000060,96
842,0x001D2C,7468,0x00000060,96
843,0x001D30,7472,0x00000060,96
844,0x001D34,7476,0x00000065,101
845,0x001D38,7480,0x00000064,100
846,0x001D3C,7484,0x00000066,102
847,0x001D40,7488,0x00000064,100
848,0x001D44,7492,0x00000060,96
849,0x001D48,7496,0x00000062,98
850,0x001D4C,7500,0x00000060,96
851,0x001D50,7504,0x00000064,100
852,0x001D54,7508,0x00000063,99
853,0x001D58,7512,0x00000060,96
854,0x001D5C,7516,0x00000061,97
855,0x001D60,7520,0x00000062,98
856,0x001D64,7524,0x00000060,96
857,0x001D68,7528,0x00000072,114
858,0x001D6C,7532,0x00000074,116
859,0x001D70,7536,0x00000077,119
860,0x001D74,7540,0x00000077,119
861,0x001D78,7544,0x00000078,120
862,0x001D7C,7548,0x00000077,119
863,0x001D80,7552,0x00000072,114
864,0x001D84,7556,0x00000073,115
865,0x001D88,7560,0x00000074,116
866,0x001D8C,7564,0x00000077,119
867,0x001D90,7568,0x00000076,118
868,0x001D94,7572,0x00000077,119
869,0x001D98,7576,0x00000077,119
870,0x001D9C,7580,0x00000073,115
871,0x001DA0,7584,0x00000072,114
872,0x001DA4,7588,0x00000073,115
873,0x001DA8,7592,0x00000077,119
874,0x001DAC,7596,0x00000077,119
875,0x001DB0,7600,0x00000075,117
876,0x001DB4,7604,0x00000075,117
877,0x001DB8,7608,0x00000072,114
878,0x001DBC,7612,0x00000075,117
879,0x001DC0,7616,0x00000075,117
880,0x001DC4,7620,0x00000078,120
881,0x001DC8,7624,0x00000079,121
882,0x001DCC,7628,0x00000077,119
883,0x001DD0,7632,0x00000077,119
884,0x001DD4,7636,0x00000073,115
885,0x001DD8,7640,0x00000073,115
886,0x001DDC,7644,0x00000075,117
887,0x001DE0,7648,0x00000077,119
888,0x001DE4,7652,0x00000079,121
889,0x001DE8,7656,0x00000076,118
890,0x001DEC,7660,0x00000078,120
891,0x001DF0,7664,0x00000074,116
892,0x001DF4,7668,0x00000070,112
893,0x001DF8,7672,0x00000072,114
894,0x001DFC,7676,0x00000074,116
895,0x001E00,7680,0x00000078,120
896,0x001E04,7684,0x00000078,120
897,0x001E08,7688,0x00000078,120
898,0x001E0C,7692,0x00000078,120
899,0x001E10,7696,0x00000074,116
900,0x001E14,7700,0x00000071,113
901,0x001E18,7704,0x00000070,112
902,0x001E1C,7708,0x00000074,116
903,0x001E20,7712,0x00000076,118
904,0x001E24,7716,0x00000078,120
905,0x001E28,7720,0x00000079,121
906,0x001E2C,7724,0x00000077,119
907,0x001E30,7728,0x00000075,117
908,0x001E34,7732,0x00000076,118
909,0x001E38,7736,0x00000077,119
910,0x001E3C,7740,0x00000078,120
911,0x001E40,7744,0x0000007B,123
912,0x001E44,7748,0x0000007B,123
913,0x001E48,7752,0x0000007B,123
914,0x001E4C,7756,0x00000077,119
915,0x001E50,7760,0x00000073,115
916,0x001E54,7764,0x00000073,115
917,0x001E58,7768,0x00000074,116
918,0x001E5C,7772,0x00000077,119
919,0x001E60,7776,0x00000077,119
920,0x001E64,7780,0x00000078,120
921,0x001E68,7784,0x00000078,120
922,0x001E6C,7788,0x00000078,120
923,0x001E70,7792,0x00000076,118
924,0x001E74,7796,0x00000077,119
925,0x001E78,7800,0x00000078,120
926,0x001E7C,7804,0x00000078,120
927,0x001E80,7808,0x0000007A,122
928,0x001E84,7812,0x00000078,120
929,0x001E88,7816,0x00000079,121
930,0x001E8C,7820,0x00000076,118
931,0x001E90,7824,0x00000074,116
932,0x001E94,7828,0x00000075,117
933,0x001E98,7832,0x00000076,118
934,0x001E9C,7836,0x00000079,121
935,0x001EA0,7840,0x00000078,120
936,0x001EA4,7844,0x00000078,120
937,0x001EA8,7848,0x00000077,119
938,0x001EAC,7852,0x00000076,118
939,0x001EB0,7856,0x00000073,115
940,0x001EB4,7860,0x00000074,116
941,0x001EB8,7864,0x00000075,117
942,0x001EBC,7868,0x00000077,119
943,0x001EC0,7872,0x00000076,118
944,0x001EC4,7876,0x00000077,119
945,0x001EC8,7880,0x00000077,119
946,0x001ECC,7884,0x00000073,115
947,0x001ED0,7888,0x00000073,115
948,0x001ED4,7892,0x00000074,116
949,0x001ED8,7896,0x00000077,119
950,0x001EDC,7900,0x00000077,119
951,0x001EE0,7904,0x00000077,119
952,0x001EE4,7908,0x00000077,119
953,0x001EE8,7912,0x00000077,119
954,0x001EEC,7916,0x00000074,116
955,0x001EF0,7920,0x00000072,114
956,0x001EF4,7924,0x00000074,116
957,0x001EF8,7928,0x00000076,118
958,0x001EFC,7932,0x00000076,118
959,0x001F00,7936,0x00000078,120
960,0x001F04,7940,0x00000076,118
961,0x001F08,7944,0x00000071,113
962,0x001F0C,7948,0x00000072,114
963,0x001F10,7952,0x00000073,115
964,0x001F14,7956,0x00000076,118
965,0x001F18,7960,0x00000077,119
966,0x001F1C,7964,0x00000079,121
967,0x001F20,7968,0x00000077,119
968,0x001F24,7972,0x00000075,117
969,0x001F28,7976,0x00000073,115
970,0x001F2C,7980,0x00000073,115
971,0x001F30,7984,0x00000075,117
972,0x001F34,7988,0x00000075,117
973,0x001F38,7992,0x00000077,119
974,0x001F3C,7996,0x00000077,119
975,0x001F40,8000,0x00000079,121
976,0x001F44,8004,0x00000076,118
977,0x001F48,8008,0x00000075,117
978,0x001F4C,8012,0x00000074,116
979,0x001F50,8016,0x00000074,116
980,0x001F54,8020,0x00000076,118
981,0x001F58,8024,0x00000074,116
982,0x001F5C,8028,0x00000074,116
983,0x001F60,8032,0x00000074,116
984,0x001F64,8036,0x00000073,115
985,0x001F68,8040,0x00000074,116
986,0x001F6C,8044,0x00000073,115
987,0x001F70,8048,0x0000006F,111
988,0x001F74,8052,0x00000072,114
989,0x001F78,8056,0x00000072,114
990,0x001F7C,8060,0x00000073,115
991,0x001F80,8064,0x00000075,117
992,0x001F84,8068,0x00000076,118
993,0x001F88,8072,0x00000077,119
994,0x001F8C,8076,0x00000074,116
995,0x001F90,8080,0x00000073,115
996,0x001F94,8084,0x00000072,114
997,0x001F98,8088,0x00000075,117
998,0x001F9C,8092,0x00000075,117
999,0x001FA0,8096,0x00000074,116
1000,0x001FA4,8100,0x00000076,118
1001,0x001FA8,8104,0x00000075,117
1002,0x001FAC,8108,0x00000074,116
1003,0x001FB0,8112,0x00000072,114
1004,0x001FB4,8116,0x00000072,114
1005,0x001FB8,8120,0x00000074,116
1006,0x001FBC,8124,0x00000075,117
1007,0x001FC0,8128,0x00000078,120
1008,0x001FC4,8132,0x00000079,121
1009,0x001FC8,8136,0x00000075,117
1010,0x001FCC,8140,0x00000074,116
1011,0x001FD0,8144,0x00000074,116
1012,0x001FD4,8148,0x00000074,116
1013,0x001FD8,8152,0x00000074,116
1014,0x001FDC,8156,0x00000077,119
1015,0x001FE0,8160,0x00000077,119
1016,0x001FE4,8164,0x00000077,119
1017,0x001FE8,8168,0x00000076,118
1018,0x001FEC,8172,0x00000075,117
1019,0x001FF0,8176,0x00000076,118
1020,0x001FF4,8180,0x00000077,119
1021,0x001FF8,8184,0x00000076,118
1022,0x001FFC,8188,0x00000078,120
1023,0x002000,8192,0x00000077,119
1024,0x002004,8196,0x00000072,114
1025,0x002008,8200,0x00000071,113
1026,0x00200C,8204,0x00000072,114
1027,0x002010,8208,0x00000074,116
1028,0x002014,8212,0x00000075,117
1029,0x002018,8216,0x00000074,116
1030,0x00201C,8220,0x00000074,116
1031,0x002020,8224,0x00000072,114
1032,0x002024,8228,0x00000071,113
1033,0x002028,8232,0x00000070,112
1034,0x00202C,8236,0x00000073,115
1035,0x002030,8240,0x00000073,115
1036,0x002034,8244,0x00000076,118
1037,0x002038,8248,0x00000074,116
1038,0x00203C,8252,0x00000073,115
1039,0x002040,8256,0x00000072,114
1040,0x002044,8260,0x00000071,113
1041,0x002048,8264,0x00000071,113
1042,0x00204C,8268,0x00000072,114
1043,0x002050,8272,0x00000074,116
1044,0x002054,8276,0x00000074,116
1045,0x002058,8280,0x00000073,115
1046,0x00205C,8284,0x00000071,113
1047,0x002060,8288,0x0000006F,111
1048,0x002064,8292,0x00000070,112
1049,0x002068,8296,0x00000071,113
1050,0x00206C,8300,0x00000070,112
1051,0x002070,8304,0x00000073,115
1052,0x002074,8308,0x00000075,117
1053,0x002078,8312,0x00000079,121
1054,0x00207C,8316,0x00000078,120
1055,0x002080,8320,0x00000075,117
1056,0x002084,8324,0x00000076,118
1057,0x002088,8328,0x00000075,117
1058,0x00208C,8332,0x00000076,118
1059,0x002090,8336,0x00000076,118
1060,0x002094,8340,0x00000079,121
1061,0x002098,8344,0x0000007B,123
1062,0x00209C,8348,0x0000007A,122
1063,0x0020A0,8352,0x0000007A,122
1064,0x0020A4,8356,0x00000077,119
1065,0x0020A8,8360,0x00000073,115
1066,0x0020AC,8364,0x00000071,113
1067,0x0020B0,8368,0x00000072,114
1068,0x0020B4,8372,0x00000076,118
1069,0x0020B8,8376,0x00000076,118
1070,0x0020BC,8380,0x00000079,121
1071,0x0020C0,8384,0x00000077,119
1072,0x0020C4,8388,0x00000076,118
1073,0x0020C8,8392,0x00000073,115
1074,0x0020CC,8396,0x00000072,114
1075,0x0020D0,8400,0x00000071,113
1076,0x0020D4,8404,0x00000071,113
1077,0x0020D8,8408,0x00000071,113
1078,0x0020DC,8412,0x00000073,115
1079,0x0020E0,8416,0x00000072,114
1080,0x0020E4,8420,0x00000074,116
1081,0x0020E8,8424,0x00000073,115
1082,0x0020EC,8428,0x00000074,116
1083,0x0020F0,8432,0x00000070,112
1084,0x0020F4,8436,0x00000071,113
1085,0x0020F8,8440,0x00000071,113
1086,0x0020FC,8444,0x00000073,115
1087,0x002100,8448,0x00000075,117
1088,0x002104,8452,0x00000072,114
1089,0x002108,8456,0x00000070,112
1090,0x00210C,8460,0x0000006F,111
1091,0x002110,8464,0x0000006F,111
1092,0x002114,8468,0x0000006F,111
1093,0x002118,8472,0x0000006C,108
1094,0x00211C,8476,0x0000006A,106
1095,0x002120,8480,0x00000067,103
1096,0x002124,8484,0x00000067,103
1097,0x002128,8488,0x00000062,98
1098,0x00212C,8492,0x0000005D,93
1099,0x002130,8496,0x00000059,89
1100,0x002134,8500,0x00000058,88
1101,0x002138,8504,0x00000058,88
1102,0x00213C,8508,0x00000059,89
1103,0x002140,8512,0x00000058,88
1104,0x002144,8516,0x00000057,87
1105,0x002148,8520,0x00000057,87
1106,0x00214C,8524,0x00000057,87
1107,0x002150,8528,0x00000056,86
1108,0x002154,8532,0x00000056,86
1109,0x002158,8536,0xFFFFFFFF,-1
1110,0x00215C,8540,0xFFFFFFFF,-1
1111,0x002160,8544,0xFFFFFFFF,-1
1112,0x002164,8548,0xFFFFFFFF,-1
1113,0x002168,8552,0xFFFFFFFF,-1
1114,0x00216C,8556,0xFFFFFFFF,-1
1115,0x002170,8560,0xFFFFFFFF,-1
1116,0x002174,8564,0xFFFFFFFF,-1
1117,0x002178,8568,0xFFFFFFFF,-1
1118,0x00217C,8572,0xFFFFFFFF,-1
1119,0x002180,8576,0xFFFFFFFF,-1
1120,0x002184,8580,0xFFFFFFFF,-1
1121,0x002188,8584,0xFFFFFFFF,-1
1122,0x00218C,8588,0xFFFFFFFF,-1
1123,0x002190,8592,0xFFFFFFFF,-1
1124,0x002194,8596,0xFFFFFFFF,-1
1125,0x002198,8600,0xFFFFFFFF,-1
1126,0x00219C,8604,0xFFFFFFFF,-1
1127,0x0021A0,8608,0xFFFFFFFF,-1
1128,0x0021A4,8612,0xFFFFFFFF,-1
1129,0x0021A8,8616,0xFFFFFFFF,-1
1130,0x0021AC,8620,0xFFFFFFFF,-1
1131,0x0021B0,8624,0xFFFFFFFF,-1
1132,0x0021B4,8628,0xFFFFFFFF,-1
1133,0x0021B8,8632,0xFFFFFFFF,-1
1134,0x0021BC,8636,0xFFFFFFFF,-1
1135,0x0021C0,8640,0xFFFFFFFF,-1
1136,0x0021C4,8644,0xFFFFFFFF,-1
1137,0x0021C8,8648,0xFFFFFFFF,-1
1138,0x0021CC,8652,0xFFFFFFFF,-1
1139,0x0021D0,8656,0xFFFFFFFF,-1
1140,0x0021D4,8660,0xFFFFFFFF,-1
1141,0x0021D8,8664,0xFFFFFFFF,-1
1142,0x0021DC,8668,0xFFFFFFFF,-1
1143,0x0021E0,8672,0xFFFFFFFF,-1
1144,0x0021E4,8676,0xFFFFFFFF,-1
1145,0x0021E8,8680,0xFFFFFFFF,-1
1146,0x0021EC,8684,0xFFFFFFFF,-1
1147,0x0021F0,8688,0xFFFFFFFF,-1
1148,0x0021F4,8692,0xFFFFFFFF,-1
1149,0x0021F8,8696,0xFFFFFFFF,-1
1150,0x0021FC,8700,0xFFFFFFFF,-1
1151,0x002200,8704,0xFFFFFFFF,-1
1152,0x002204,8708,0xFFFFFFFF,-1
1153,0x002208,8712,0xFFFFFFFF,-1
1154,0x00220C,8716,0xFFFFFFFF,-1
1155,0x002210,8720,0xFFFFFFFF,-1
1156,0x002214,8724,0xFFFFFFFF,-1
1157,0x002218,8728,0xFFFFFFFF,-1
1158,0x00221C,8732,0xFFFFFFFF,-1
1159,0x002220,8736,0xFFFFFFFF,-1
1160,0x002224,8740,0xFFFFFFFF,-1
1161,0x002228,8744,0xFFFFFFFF,-1
1162,0x00222C,8748,0xFFFFFFFF,-1
1163,0x002230,8752,0xFFFFFFFF,-1
1164,0x002234,8756,0xFFFFFFFF,-1
1165,0x002238,8760,0xFFFFFFFF,-1
1166,0x00223C,8764,0xFFFFFFFF,-1
1167,0x002240,8768,0xFFFFFFFF,-1
1168,0x002244,8772,0xFFFFFFFF,-1
1169,0x002248,8776,0xFFFFFFFF,-1
1170,0x00224C,8780,0xFFFFFFFF,-1
1171,0x002250,8784,0xFFFFFFFF,-1
1172,0x002254,8788,0xFFFFFFFF,-1
1173,0x002258,8792,0xFFFFFFFF,-1
1174,0x00225C,8796,0xFFFFFFFF,-1
1175,0x002260,8800,0xFFFFFFFF,-1
1176,0x002264,8804,0xFFFFFFFF,-1
1177,0x002268,8808,0xFFFFFFFF,-1
1178,0x00226C,8812,0xFFFFFFFF,-1
1179,0x002270,8816,0xFFFFFFFF,-1
1180,0x002274,8820,0xFFFFFFFF,-1
1181,0x002278,8824,0xFFFFFFFF,-1
1182,0x00227C,8828,0xFFFFFFFF,-1
1183,0x002280,8832,0xFFFFFFFF,-1
1184,0x002284,8836,0xFFFFFFFF,-1
1185,0x002288,8840,0xFFFFFFFF,-1
1186,0x00228C,8844,0xFFFFFFFF,-1
1187,0x002290,8848,0xFFFFFFFF,-1
1188,0x002294,8852,0xFFFFFFFF,-1
1189,0x002298,8856,0xFFFFFFFF,-1
1190,0x00229C,8860,0xFFFFFFFF,-1
1191,0x0022A0,8864,0xFFFFFFFF,-1
1192,0x0022A4,8868,0xFFFFFFFF,-1
1193,0x0022A8,8872,0xFFFFFFFF,-1
1194,0x0022AC,8876,0xFFFFFFFF,-1
1195,0x0022B0,8880,0xFFFFFFFF,-1
1196,0x0022B4,8884,0xFFFFFFFF,-1
1197,0x0022B8,8888,0xFFFFFFFF,-1
1198,0x0022BC,8892,0xFFFFFFFF,-1
1199,0x0022C0,8896,0xFFFFFFFF,-1
1200,0x0022C4,8900,0xFFFFFFFF,-1
1201,0x0022C8,8904,0xFFFFFFFF,-1
1202,0x0022CC,8908,0xFFFFFFFF,-1
1203,0x0022D0,8912,0xFFFFFFFF,-1
1204,0x0022D4,8916,0xFFFFFFFF,-1
1205,0x0022D8,8920,0xFFFFFFFF,-1
1206,0x0022DC,8924,0xFFFFFFFF,-1
1207,0x0022E0,8928,0xFFFFFFFF,-1
1208,0x0022E4,8932,0xFFFFFFFF,-1
1209,0x0022E8,8936,0xFFFFFFFF,-1
1210,0x0022EC,8940,0xFFFFFFFF,-1
1211,0x0022F0,8944,0xFFFFFFFF,-1
1212,0x0022F4,8948,0xFFFFFFFF,-1
1213,0x0022F8,8952,0xFFFFFFFF,-1
1214,0x0022FC,8956,0xFFFFFFFF,-1
1215,0x002300,8960,0xFFFFFFFF,-1
1216,0x002304,8964,0xFFFFFFFF,-1
1217,0x002308,8968,0xFFFFFFFF,-1
1218,0x00230C,8972,0xFFFFFFFF,-1
1219,0x002310,8976,0xFFFFFFFF,-1
1220,0x002314,8980,0xFFFFFFFF,-1
1221,0x002318,8984,0xFFFFFFFF,-1
1222,0x00231C,8988,0xFFFFFFFF,-1
1223,0x002320,8992,0xFFFFFFFF,-1
1224,0x002324,8996,0xFFFFFFFF,-1
1225,0x002328,9000,0xFFFFFFFF,-1
1226,0x00232C,9004,0xFFFFFFFF,-1
1227,0x002330,9008,0xFFFFFFFF,-1
1228,0x002334,9012,0xFFFFFFFF,-1
1229,0x002338,9016,0xFFFFFFFF,-1
1230,0x00233C,9020,0xFFFFFFFF,-1
1231,0x002340,9024,0xFFFFFFFF,-1
1232,0x002344,9028,0xFFFFFFFF,-1
1233,0x002348,9032,0xFFFFFFFF,-1
1234,0x00234C,9036,0xFFFFFFFF,-1
1235,0x002350,9040,0xFFFFFFFF,-1
1236,0x002354,9044,0xFFFFFFFF,-1
1237,0x002358,9048,0xFFFFFFFF,-1
1238,0x00235C,9052,0xFFFFFFFF,-1
1239,0x002360,9056,0xFFFFFFFF,-1
1240,0x002364,9060,0xFFFFFFFF,-1
1241,0x002368,9064,0xFFFFFFFF,-1
1242,0x00236C,9068,0xFFFFFFFF,-1
1243,0x002370,9072,0xFFFFFFFF,-1
1244,0x002374,9076,0xFFFFFFFF,-1
1245,0x002378,9080,0xFFFFFFFF,-1
1246,0x00237C,9084,0xFFFFFFFF,-1
1247,0x002380,9088,0xFFFFFFFF,-1
1248,0x002384,9092,0xFFFFFFFF,-1
1249,0x002388,9096,0xFFFFFFFF,-1
1250,0x00238C,9100,0xFFFFFFFF,-1
1251,0x002390,9104,0xFFFFFFFF,-1
1252,0x002394,9108,0xFFFFFFFF,-1
1253,0x002398,9112,0xFFFFFFFF,-1
1254,0x00239C,9116,0xFFFFFFFF,-1
1255,0x0023A0,9120,0xFFFFFFFF,-1
1256,0x0023A4,9124,0xFFFFFFFF,-1
1257,0x0023A8,9128,0xFFFFFFFF,-1
1258,0x0023AC,9132,0xFFFFFFFF,-1
1259,0x0023B0,9136,0xFFFFFFFF,-1
1260,0x0023B4,9140,0xFFFFFFFF,-1
1261,0x0023B8,9144,0xFFFFFFFF,-1
1262,0x0023BC,9148,0xFFFFFFFF,-1
1263,0x0023C0,9152,0xFFFFFFFF,-1
1264,0x0023C4,9156,0xFFFFFFFF,-1
1265,0x0023C8,9160,0xFFFFFFFF,-1
1266,0x0023CC,9164,0xFFFFFFFF,-1
1267,0x0023D0,9168,0xFFFFFFFF,-1
1268,0x0023D4,9172,0xFFFFFFFF,-1
1269,0x0023D8,9176,0xFFFFFFFF,-1
1270,0x0023DC,9180,0xFFFFFFFF,-1
1271,0x0023E0,9184,0xFFFFFFFF,-1
1272,0x0023E4,9188,0xFFFFFFFF,-1
1273,0x0023E8,9192,0xFFFFFFFF,-1
1274,0x0023EC,9196,0xFFFFFFFF,-1
1275,0x0023F0,9200,0xFFFFFFFF,-1
1276,0x0023F4,9204,0xFFFFFFFF,-1
1277,0x0023F8,9208,0xFFFFFFFF,-1
1278,0x0023FC,9212,0xFFFFFFFF,-1
1279,0x002400,9216,0xFFFFFFFF,-1
1280,0x002404,9220,0xFFFFFFFF,-1
1281,0x002408,9224,0xFFFFFFFF,-1
1282,0x00240C,9228,0xFFFFFFFF,-1
1283,0x002410,9232,0xFFFFFFFF,-1
1284,0x002414,9236,0xFFFFFFFF,-1
1285,0x002418,9240,0xFFFFFFFF,-1
1286,0x00241C,9244,0xFFFFFFFF,-1
1287,0x002420,9248,0xFFFFFFFF,-1
1288,0x002424,9252,0xFFFFFFFF,-1
1289,0x002428,9256,0xFFFFFFFF,-1
1290,0x00242C,9260,0xFFFFFFFF,-1
1291,0x002430,9264,0xFFFFFFFF,-1
1292,0x002434,9268,0xFFFFFFFF,-1
1293,0x002438,9272,0xFFFFFFFF,-1
1294,0x00243C,9276,0xFFFFFFFF,-1
1295,0x002440,9280,0xFFFFFFFF,-1
1296,0x002444,9284,0xFFFFFFFF,-1
1297,0x002448,9288,0xFFFFFFFF,-1
1298,0x00244C,9292,0xFFFFFFFF,-1
1299,0x002450,9296,0xFFFFFFFF,-1
1300,0x002454,9300,0xFFFFFFFF,-1
1301,0x002458,9304,0xFFFFFFFF,-1
1302,0x00245C,9308,0xFFFFFFFF,-1
1303,0x002460,9312,0xFFFFFFFF,-1
1304,0x002464,9316,0xFFFFFFFF,-1
1305,0x002468,9320,0xFFFFFFFF,-1
1306,0x00246C,9324,0xFFFFFFFF,-1
1307,0x002470,9328,0xFFFFFFFF,-1
1308,0x002474,9332,0xFFFFFFFF,-1
1309,0x002478,9336,0xFFFFFFFF,-1
1310,0x00247C,9340,0xFFFFFFFF,-1
1311,0x002480,9344,0xFFFFFFFF,-1
1312,0x002484,9348,0xFFFFFFFF,-1
1313,0x002488,9352,0xFFFFFFFF,-1
1314,0x00248C,9356,0xFFFFFFFF,-1
1315,0x002490,9360,0xFFFFFFFF,-1
1316,0x002494,9364,0xFFFFFFFF,-1
1317,0x002498,9368,0xFFFFFFFF,-1
1318,0x00249C,9372,0xFFFFFFFF,-1
1319,0x0024A0,9376,0xFFFFFFFF,-1
1320,0x0024A4,9380,0xFFFFFFFF,-1
1321,0x0024A8,9384,0xFFFFFFFF,-1
1322,0x0024AC,9388,0xFFFFFFFF,-1
1323,0x0024B0,9392,0xFFFFFFFF,-1
1324,0x0024B4,9396,0xFFFFFFFF,-1
1325,0x0024B8,9400,0xFFFFFFFF,-1
1326,0x0024BC,9404,0xFFFFFFFF,-1
1327,0x0024C0,9408,0xFFFFFFFF,-1
1328,0x0024C4,9412,0xFFFFFFFF,-1
1329,0x0024C8,9416,0xFFFFFFFF,-1
1330,0x0024CC,9420,0xFFFFFFFF,-1
1331,0x0024D0,9424,0xFFFFFFFF,-1
1332,0x0024D4,9428,0xFFFFFFFF,-1
1333,0x0024D8,9432,0xFFFFFFFF,-1
1334,0x0024DC,9436,0xFFFFFFFF,-1
1335,0x0024E0,9440,0xFFFFFFFF,-1
1336,0x0024E4,9444,0xFFFFFFFF,-1
1337,0x0024E8,9448,0xFFFFFFFF,-1
1338,0x0024EC,9452,0xFFFFFFFF,-1
1339,0x0024F0,9456,0xFFFFFFFF,-1
1340,0x0024F4,9460,0xFFFFFFFF,-1
1341,0x0024F8,9464,0xFFFFFFFF,-1
1342,0x0024FC,9468,0xFFFFFFFF,-1
1343,0x002500,9472,0xFFFFFFFF,-1
1344,0x002504,9476,0xFFFFFFFF,-1
1345,0x002508,9480,0xFFFFFFFF,-1
1346,0x00250C,9484,0xFFFFFFFF,-1
1347,0x002510,9488,0xFFFFFFFF,-1
1348,0x002514,9492,0xFFFFFFFF,-1
1349,0x002518,9496,0xFFFFFFFF,-1
1350,0x00251C,9500,0xFFFFFFFF,-1
1351,0x002520,9504,0xFFFFFFFF,-1
1352,0x002524,9508,0xFFFFFFFF,-1
1353,0x002528,9512,0xFFFFFFFF,-1
1354,0x00252C,9516,0xFFFFFFFF,-1
1355,0x002530,9520,0xFFFFFFFF,-1
1356,0x002534,9524,0xFFFFFFFF,-1
1357,0x002538,9528,0xFFFFFFFF,-1
1358,0x00253C,9532,0xFFFFFFFF,-1
1359,0x002540,9536,0xFFFFFFFF,-1
1360,0x002544,9540,0xFFFFFFFF,-1
1361,0x002548,9544,0xFFFFFFFF,-1
1362,0x00254C,9548,0xFFFFFFFF,-1
1363,0x002550,9552,0xFFFFFFFF,-1
1364,0x002554,9556,0xFFFFFFFF,-1
1365,0x002558,9560,0xFFFFFFFF,-1
1366,0x00255C,9564,0xFFFFFFFF,-1
1367,0x002560,9568,0xFFFFFFFF,-1
1368,0x002564,9572,0xFFFFFFFF,-1
1369,0x002568,9576,0xFFFFFFFF,-1
1370,0x00256C,9580,0xFFFFFFFF,-1
1371,0x002570,9584,0xFFFFFFFF,-1
1372,0x002574,9588,0xFFFFFFFF,-1
1373,0x002578,9592,0xFFFFFFFF,-1
1374,0x00257C,9596,0xFFFFFFFF,-1
1375,0x002580,9600,0xFFFFFFFF,-1
1376,0x002584,9604,0xFFFFFFFF,-1
1377,0x002588,9608,0xFFFFFFFF,-1
1378,0x00258C,9612,0xFFFFFFFF,-1
1379,0x002590,9616,0xFFFFFFFF,-1
1380,0x002594,9620,0xFFFFFFFF,-1
1381,0x002598,9624,0xFFFFFFFF,-1
1382,0x00259C,9628,0xFFFFFFFF,-1
1383,0x0025A0,9632,0xFFFFFFFF,-1
1384,0x0025A4,9636,0xFFFFFFFF,-1
1385,0x0025A8,9640,0xFFFFFFFF,-1
1386,0x0025AC,9644,0xFFFFFFFF,-1
1387,0x0025B0,9648,0xFFFFFFFF,-1
1388,0x0025B4,9652,0xFFFFFFFF,-1
1389,0x0025B8,9656,0xFFFFFFFF,-1
1390,0x0025BC,9660,0xFFFFFFFF,-1
1391,0x0025C0,9664,0xFFFFFFFF,-1
1392,0x0025C4,9668,0xFFFFFFFF,-1
1393,0x0025C8,9672,0xFFFFFFFF,-1
1394,0x0025CC,9676,0xFFFFFFFF,-1
1395,0x0025D0,9680,0xFFFFFFFF,-1
1396,0x0025D4,9684,0xFFFFFFFF,-1
1397,0x0025D8,9688,0xFFFFFFFF,-1
1398,0x0025DC,9692,0xFFFFFFFF,-1
1399,0x0025E0,9696,0xFFFFFFFF,-1
1400,0x0025E4,9700,0xFFFFFFFF,-1
1401,0x0025E8,9704,0xFFFFFFFF,-1
1402,0x0025EC,9708,0xFFFFFFFF,-1
1403,0x0025F0,9712,0xFFFFFFFF,-1
1404,0x0025F4,9716,0xFFFFFFFF,-1
1405,0x0025F8,9720,0xFFFFFFFF,-1
1406,0x0025FC,9724,0xFFFFFFFF,-1
1407,0x002600,9728,0xFFFFFFFF,-1
1408,0x002604,9732,0xFFFFFFFF,-1
1409,0x002608,9736,0xFFFFFFFF,-1
1410,0x00260C,9740,0xFFFFFFFF,-1
1411,0x002610,9744,0xFFFFFFFF,-1
1412,0x002614,9748,0xFFFFFFFF,-1
1413,0x002618,9752,0xFFFFFFFF,-1
1414,0x00261C,9756,0xFFFFFFFF,-1
1415,0x002620,9760,0xFFFFFFFF,-1
1416,0x002624,9764,0xFFFFFFFF,-1
1417,0x002628,9768,0xFFFFFFFF,-1
1418,0x00262C,9772,0xFFFFFFFF,-1
1419,0x002630,9776,0xFFFFFFFF,-1
1420,0x002634,9780,0xFFFFFFFF,-1
1421,0x002638,9784,0xFFFFFFFF,-1
1422,0x00263C,9788,0xFFFFFFFF,-1
1423,0x002640,9792,0xFFFFFFFF,-1
1424,0x002644,9796,0xFFFFFFFF,-1
1425,0x002648,9800,0xFFFFFFFF,-1
1426,0x00264C,9804,0xFFFFFFFF,-1
1427,0x002650,9808,0xFFFFFFFF,-1
1428,0x002654,9812,0xFFFFFFFF,-1
1429,0x002658,9816,0xFFFFFFFF,-1
1430,0x00265C,9820,0xFFFFFFFF,-1
1431,0x002660,9824,0xFFFFFFFF,-1
1432,0x002664,9828,0xFFFFFFFF,-1
1433,0x002668,9832,0xFFFFFFFF,-1
1434,0x00266C,9836,0xFFFFFFFF,-1
1435,0x002670,9840,0xFFFFFFFF,-1
1436,0x002674,9844,0xFFFFFFFF,-1
1437,0x002678,9848,0xFFFFFFFF,-1
1438,0x00267C,9852,0xFFFFFFFF,-1
1439,0x002680,9856,0xFFFFFFFF,-1
1440,0x002684,9860,0xFFFFFFFF,-1
1441,0x002688,9864,0xFFFFFFFF,-1
1442,0x00268C,9868,0xFFFFFFFF,-1
1443,0x002690,9872,0xFFFFFFFF,-1
1444,0x002694,9876,0xFFFFFFFF,-1
1445,0x002698,9880,0xFFFFFFFF,-1
1446,0x00269C,9884,0xFFFFFFFF,-1
1447,0x0026A0,9888,0xFFFFFFFF,-1
1448,0x0026A4,9892,0xFFFFFFFF,-1
1449,0x0026A8,9896,0xFFFFFFFF,-1
1450,0x0026AC,9900,0xFFFFFFFF,-1
1451,0x0026B0,9904,0xFFFFFFFF,-1
1452,0x0026B4,9908,0xFFFFFFFF,-1
1453,0x0026B8,9912,0xFFFFFFFF,-1
1454,0x0026BC,9916,0xFFFFFFFF,-1
1455,0x0026C0,9920,0xFFFFFFFF,-1
1456,0x0026C4,9924,0xFFFFFFFF,-1
1457,0x0026C8,9928,0xFFFFFFFF,-1
1458,0x0026CC,9932,0xFFFFFFFF,-1
1459,0x0026D0,9936,0xFFFFFFFF,-1
1460,0x0026D4,9940,0xFFFFFFFF,-1
1461,0x0026D8,9944,0xFFFFFFFF,-1
1462,0x0026DC,9948,0xFFFFFFFF,-1
1463,0x0026E0,9952,0xFFFFFFFF,-1
1464,0x0026E4,9956,0xFFFFFFFF,-1
1465,0x0026E8,9960,0xFFFFFFFF,-1
1466,0x0026EC,9964,0xFFFFFFFF,-1
1467,0x0026F0,9968,0xFFFFFFFF,-1
1468,0x0026F4,9972,0xFFFFFFFF,-1
1469,0x0026F8,9976,0xFFFFFFFF,-1
1470,0x0026FC,9980,0xFFFFFFFF,-1
1471,0x002700,9984,0xFFFFFFFF,-1
1472,0x002704,9988,0xFFFFFFFF,-1
1473,0x002708,9992,0xFFFFFFFF,-1
1474,0x00270C,9996,0xFFFFFFFF,-1
1475,0x002710,10000,0xFFFFFFFF,-1
1476,0x002714,10004,0xFFFFFFFF,-1
1477,0x002718,10008,0xFFFFFFFF,-1
1478,0x00271C,10012,0xFFFFFFFF,-1
1479,0x002720,10016,0xFFFFFFFF,-1
1480,0x002724,10020,0xFFFFFFFF,-1
1481,0x002728,10024,0xFFFFFFFF,-1
1482,0x00272C,10028,0xFFFFFFFF,-1
1483,0x002730,10032,0xFFFFFFFF,-1
1484,0x002734,10036,0xFFFFFFFF,-1
1485,0x002738,10040,0xFFFFFFFF,-1
1486,0x00273C,10044,0xFFFFFFFF,-1
1487,0x002740,10048,0xFFFFFFFF,-1
1488,0x002744,10052,0xFFFFFFFF,-1
1489,0x002748,10056,0xFFFFFFFF,-1
1490,0x00274C,10060,0xFFFFFFFF,-1
1491,0x002750,10064,0xFFFFFFFF,-1
1492,0x002754,10068,0xFFFFFFFF,-1
1493,0x002758,10072,0xFFFFFFFF,-1
1494,0x00275C,10076,0xFFFFFFFF,-1
1495,0x002760,10080,0xFFFFFFFF,-1
1496,0x002764,10084,0xFFFFFFFF,-1
1497,0x002768,10088,0xFFFFFFFF,-1
1498,0x00276C,10092,0xFFFFFFFF,-1
1499,0x002770,10096,0xFFFFFFFF,-1
1500,0x002774,10100,0xFFFFFFFF,-1
1501,0x002778,10104,0xFFFFFFFF,-1
1502,0x00277C,10108,0xFFFFFFFF,-1
1503,0x002780,10112,0xFFFFFFFF,-1
1504,0x002784,10116,0xFFFFFFFF,-1
1505,0x002788,10120,0xFFFFFFFF,-1
1506,0x00278C,10124,0xFFFFFFFF,-1
1507,0x002790,10128,0xFFFFFFFF,-1
1508,0x002794,10132,0xFFFFFFFF,-1
1509,0x002798,10136,0xFFFFFFFF,-1
1510,0x00279C,10140,0xFFFFFFFF,-1
1511,0x0027A0,10144,0xFFFFFFFF,-1
1512,0x0027A4,10148,0xFFFFFFFF,-1
1513,0x0027A8,10152,0xFFFFFFFF,-1
1514,0x0027AC,10156,0xFFFFFFFF,-1
1515,0x0027B0,10160,0xFFFFFFFF,-1
1516,0x0027B4,10164,0xFFFFFFFF,-1
1517,0x0027B8,10168,0xFFFFFFFF,-1
1518,0x0027BC,10172,0xFFFFFFFF,-1
1519,0x0027C0,10176,0xFFFFFFFF,-1
1520,0x0027C4,10180,0xFFFFFFFF,-1
1521,0x0027C8,10184,0xFFFFFFFF,-1
1522,0x0027CC,10188,0xFFFFFFFF,-1
1523,0x0027D0,10192,0xFFFFFFFF,-1
1524,0x0027D4,10196,0xFFFFFFFF,-1
1525,0x0027D8,10200,0xFFFFFFFF,-1
1526,0x0027DC,10204,0xFFFFFFFF,-1
1527,0x0027E0,10208,0xFFFFFFFF,-1
1528,0x0027E4,10212,0xFFFFFFFF,-1
1529,0x0027E8,10216,0xFFFFFFFF,-1
1530,0x0027EC,10220,0xFFFFFFFF,-1
1531,0x0027F0,10224,0xFFFFFFFF,-1
1532,0x0027F4,10228,0xFFFFFFFF,-1
1533,0x0027F8,10232,0xFFFFFFFF,-1
1534,0x0027FC,10236,0xFFFFFFFF,-1
1535,0x002800,10240,0xFFFFFFFF,-1
1536,0x002804,10244,0xFFFFFFFF,-1
1537,0x002808,10248,0xFFFFFFFF,-1
1538,0x00280C,10252,0xFFFFFFFF,-1
1539,0x002810,10256,0xFFFFFFFF,-1
1540,0x002814,10260,0xFFFFFFFF,-1
1541,0x002818,10264,0xFFFFFFFF,-1
1542,0x00281C,10268,0xFFFFFFFF,-1
1543,0x002820,10272,0xFFFFFFFF,-1
1544,0x002824,10276,0xFFFFFFFF,-1
1545,0x002828,10280,0xFFFFFFFF,-1
1546,0x00282C,10284,0xFFFFFFFF,-1
1547,0x002830,10288,0xFFFFFFFF,-1
1548,0x002834,10292,0xFFFFFFFF,-1
1549,0x002838,10296,0xFFFFFFFF,-1
1550,0x00283C,10300,0xFFFFFFFF,-1
1551,0x002840,10304,0xFFFFFFFF,-1
1552,0x002844,10308,0xFFFFFFFF,-1
1553,0x002848,10312,0xFFFFFFFF,-1
1554,0x00284C,10316,0xFFFFFFFF,-1
1555,0x002850,10320,0xFFFFFFFF,-1
1556,0x002854,10324,0xFFFFFFFF,-1
1557,0x002858,10328,0xFFFFFFFF,-1
1558,0x00285C,10332,0xFFFFFFFF,-1
1559,0x002860,10336,0xFFFFFFFF,-1
1560,0x002864,10340,0xFFFFFFFF,-1
1561,0x002868,10344,0xFFFFFFFF,-1
1562,0x00286C,10348,0xFFFFFFFF,-1
1563,0x002870,10352,0xFFFFFFFF,-1
1564,0x002874,10356,0xFFFFFFFF,-1
1565,0x002878,10360,0xFFFFFFFF,-1
1566,0x00287C,10364,0xFFFFFFFF,-1
1567,0x002880,10368,0xFFFFFFFF,-1
1568,0x002884,10372,0xFFFFFFFF,-1
1569,0x002888,10376,0xFFFFFFFF,-1
1570,0x00288C,10380,0xFFFFFFFF,-1
1571,0x002890,10384,0xFFFFFFFF,-1
1572,0x002894,10388,0xFFFFFFFF,-1
1573,0x002898,10392,0xFFFFFFFF,-1
1574,0x00289C,10396,0xFFFFFFFF,-1
1575,0x0028A0,10400,0xFFFFFFFF,-1
1576,0x0028A4,10404,0xFFFFFFFF,-1
1577,0x0028A8,10408,0xFFFFFFFF,-1
1578,0x0028AC,10412,0xFFFFFFFF,-1
1579,0x0028B0,10416,0xFFFFFFFF,-1
1580,0x0028B4,10420,0xFFFFFFFF,-1
1581,0x0028B8,10424,0xFFFFFFFF,-1
1582,0x0028BC,10428,0xFFFFFFFF,-1
1583,0x0028C0,10432,0xFFFFFFFF,-1
1584,0x0028C4,10436,0xFFFFFFFF,-1
1585,0x0028C8,10440,0xFFFFFFFF,-1
1586,0x0028CC,10444,0xFFFFFFFF,-1
1587,0x0028D0,10448,0xFFFFFFFF,-1
1588,0x0028D4,10452,0xFFFFFFFF,-1
1589,0x0028D8,10456,0xFFFFFFFF,-1
1590,0x0028DC,10460,0xFFFFFFFF,-1
1591,0x0028E0,10464,0xFFFFFFFF,-1
1592,0x0028E4,10468,0xFFFFFFFF,-1
1593,0x0028E8,10472,0xFFFFFFFF,-1
1594,0x0028EC,10476,0xFFFFFFFF,-1
1595,0x0028F0,10480,0xFFFFFFFF,-1
1596,0x0028F4,10484,0xFFFFFFFF,-1
1597,0x0028F8,10488,0xFFFFFFFF,-1
1598,0x0028FC,10492,0xFFFFFFFF,-1
1599,0x002900,10496,0xFFFFFFFF,-1
1600,0x002904,10500,0xFFFFFFFF,-1
1601,0x002908,10504,0xFFFFFFFF,-1
1602,0x00290C,10508,0xFFFFFFFF,-1
1603,0x002910,10512,0xFFFFFFFF,-1
1604,0x002914,10516,0xFFFFFFFF,-1
1605,0x002918,10520,0xFFFFFFFF,-1
1606,0x00291C,10524,0xFFFFFFFF,-1
1607,0x002920,10528,0xFFFFFFFF,-1
1608,0x002924,10532,0xFFFFFFFF,-1
1609,0x002928,10536,0xFFFFFFFF,-1
1610,0x00292C,10540,0xFFFFFFFF,-1
1611,0x002930,10544,0xFFFFFFFF,-1
1612,0x002934,10548,0xFFFFFFFF,-1
1613,0x002938,10552,0xFFFFFFFF,-1
1614,0x00293C,10556,0xFFFFFFFF,-1
1615,0x002940,10560,0xFFFFFFFF,-1
1616,0x002944,10564,0xFFFFFFFF,-1
1617,0x002948,10568,0xFFFFFFFF,-1
1618,0x00294C,10572,0xFFFFFFFF,-1
1619,0x002950,10576,0xFFFFFFFF,-1
1620,0x002954,10580,0xFFFFFFFF,-1
1621,0x002958,10584,0xFFFFFFFF,-1
1622,0x00295C,10588,0xFFFFFFFF,-1
1623,0x002960,10592,0xFFFFFFFF,-1
1624,0x002964,10596,0xFFFFFFFF,-1
1625,0x002968,10600,0xFFFFFFFF,-1
1626,0x00296C,10604,0xFFFFFFFF,-1
1627,0x002970,10608,0xFFFFFFFF,-1
1628,0x002974,10612,0xFFFFFFFF,-1
1629,0x002978,10616,0xFFFFFFFF,-1
1630,0x00297C,10620,0xFFFFFFFF,-1
1631,0x002980,10624,0xFFFFFFFF,-1
1632,0x002984,10628,0xFFFFFFFF,-1
1633,0x002988,10632,0xFFFFFFFF,-1
1634,0x00298C,10636,0xFFFFFFFF,-1
1635,0x002990,10640,0xFFFFFFFF,-1
1636,0x002994,10644,0xFFFFFFFF,-1
1637,0x002998,10648,0xFFFFFFFF,-1
1638,0x00299C,10652,0xFFFFFFFF,-1
1639,0x0029A0,10656,0xFFFFFFFF,-1
1640,0x0029A4,10660,0xFFFFFFFF,-1
1641,0x0029A8,10664,0xFFFFFFFF,-1
1642,0x0029AC,10668,0xFFFFFFFF,-1
1643,0x0029B0,10672,0xFFFFFFFF,-1
1644,0x0029B4,10676,0xFFFFFFFF,-1
1645,0x0029B8,10680,0xFFFFFFFF,-1
1646,0x0029BC,10684,0xFFFFFFFF,-1
1647,0x0029C0,10688,0xFFFFFFFF,-1
1648,0x0029C4,10692,0xFFFFFFFF,-1
1649,0x0029C8,10696,0xFFFFFFFF,-1
1650,0x0029CC,10700,0xFFFFFFFF,-1
1651,0x0029D0,10704,0xFFFFFFFF,-1
1652,0x0029D4,10708,0xFFFFFFFF,-1
1653,0x0029D8,10712,0xFFFFFFFF,-1
1654,0x0029DC,10716,0xFFFFFFFF,-1
1655,0x0029E0,10720,0xFFFFFFFF,-1
1656,0x0029E4,10724,0xFFFFFFFF,-1
1657,0x0029E8,10728,0xFFFFFFFF,-1
1658,0x0029EC,10732,0xFFFFFFFF,-1
1659,0x0029F0,10736,0xFFFFFFFF,-1
1660,0x0029F4,10740,0xFFFFFFFF,-1
1661,0x0029F8,10744,0xFFFFFFFF,-1
1662,0x0029FC,10748,0xFFFFFFFF,-1
1663,0x002A00,10752,0xFFFFFFFF,-1
1664,0x002A04,10756,0xFFFFFFFF,-1
1665,0x002A08,10760,0xFFFFFFFF,-1
